Madre,"Xocunusco, Chiapas, Pichucalco",1089,2013,70%,U.S.A.,2.75, ,Mexico
Madre,"Hamakua Coast, Kokoleka",991,2012,70%,U.S.A.,3.25, ,Hawaii
Madre,"Criollo, Hawaii",995,2012,70%,U.S.A.,3.25,Criollo,Hawaii
Madre,Kaua'i,995,2012,70%,U.S.A.,3.5, ,Hawaii
Madre,Dominican,672,2011,70%,U.S.A.,2.5, ,Dominican Republic
Madre,Upala,693,2011,70%,U.S.A.,2.75, ,Costa Rica
Madre,"Chiapas, Triple Cacao",607,2010,72%,U.S.A.,2.75, ,Mexico
Maglio,Africa,300,2008,75%,Italy,2, ,Tanzania
Maglio,Ecuador,308,2008,70%,Italy,3,Forastero (Nacional),Ecuador
Maglio,Cuba,308,2008,70%,Italy,3.25,Criollo,Cuba
Maglio,Santo Domingo,308,2008,70%,Italy,3.75,"Blend-Forastero,Criollo",Dominican Republic
Majani,Ecuador,531,2010,70%,Italy,2, ,Ecuador
Malagasy (Chocolaterie Robert),Sambirano 2006,184,2007,75%,Madagascar,2.75,Trinitario,Madagascar
Malagasy (Chocolaterie Robert),Mora Mora 2006,184,2007,73%,Madagascar,3.5,Trinitario,Madagascar
Malagos,"Davao, Mt. Talamo foothills",1121,2013,65%,Philippines,3.5,Trinitario,Philippines
Malie Kai (Guittard),"O'ahu, N. Shore, Waialua Estate w/ nibs",502,2010,55%,U.S.A.,3.5, ,Hawaii
Malie Kai (Guittard),"O'ahu, N. Shore, Waialua Estate",311,2009,55%,U.S.A.,2.75,Blend,Hawaii
Malmo,Chuao,1856,2016,70%,Sweden,3, ,Venezuela
Mana,Ecuador,1446,2015,74%,U.S.A.,2.5, ,Ecuador
Mana,Peru,1219,2014,74%,U.S.A.,2.5, ,Peru
Mana,Venezuela,1219,2014,74%,U.S.A.,2.75, ,Venezuela
Mana,Conacado,821,2012,74%,U.S.A.,3.75, ,Dominican Republic
Manifesto Cacao,Colombia,1331,2014,70%,Colombia,2.75, ,Colombia
Manoa,Markham Valley,1522,2015,72%,U.S.A.,3.5, ,Papua New Guinea
Manoa,Coto Brus,1522,2015,72%,U.S.A.,3.75, ,Costa Rica
Manoa,"Waiahole, O'ahu",1089,2013,72%,U.S.A.,3.75, ,Hawaii
Manoa,"Liberia, #174",1003,2012,72%,U.S.A.,3.25, ,Liberia
Manoa,"Hamakua, Hawaiian Crown, #176",1007,2012,72%,U.S.A.,2.75, ,Hawaii
Manoa,Piura,1007,2012,72%,U.S.A.,3, ,Peru
Manoa,"Oahu, Winward, #151, Maunawili district",1007,2012,72%,U.S.A.,3.25, ,Hawaii
Manufaktura Czekolady,Johe,1844,2016,70%,Poland,3.75, ,Nicaragua
Manufaktura Czekolady,Peru,1848,2016,70%,Poland,3.5, ,Peru
Manufaktura Czekolady,Porcelana,1255,2014,70%,Poland,3.75,Criollo,Venezuela
Manufaktura Czekolady,Kolumbia,1279,2014,85%,Poland,3.5, ,Colombia
Manufaktura Czekolady,Grand Cru Dominican Republic,871,2012,70%,Poland,3.25, ,Dominican Republic
Manufaktura Czekolady,Grand Cru Ghana,871,2012,70%,Poland,3.5,Forastero,Ghana
Manufaktura Czekolady,Grand Cru Ecuador,875,2012,70%,Poland,3.25, ,Ecuador
Map Chocolate,"Ben Tre, Surprise Valley",1896,2016,75%,U.S.A.,3.25,Trinitario,Vietnam
Map Chocolate,"ROIG, 2014",1474,2015,70%,U.S.A.,3.5,"Criollo, Trinitario",Dominican Republic
Map Chocolate,"Maranon, 2014",1474,2015,62%,U.S.A.,3.5,Forastero (Nacional),Peru
Map Chocolate,Ecuador,1478,2015,70%,U.S.A.,3.5,Trinitario,Ecuador
Map Chocolate,"San Juan Estate, Cherry Blossoms at Night",1606,2015,70%,U.S.A.,2.75,Trinitario,Trinidad
Map Chocolate,"A case of the Xerces Blues, triple roast",1606,2015,70%,U.S.A.,3.5, ,Nicaragua
Map Chocolate,"Tumbes, Dear Mr. Finley, 2014",1606,2015,68%,U.S.A.,3.5,Criollo,Peru
Map Chocolate,Colombia,1610,2015,75%,U.S.A.,2.75, ,Colombia
Map Chocolate,"Kakoa Kamili, Both Man & Bird & Beast",1610,2015,72%,U.S.A.,3, ,Tanzania
Map Chocolate,Le Chocolat Chaud,1634,2015,78%,U.S.A.,3.5, ,Honduras
Marana,Piura,1872,2016,70%,Peru,3, ,Peru
Marana,Cusco,1884,2016,70%,Peru,2.75, ,Peru
Marana,San Martin,1884,2016,70%,Peru,3, ,Peru
Marigold's Finest,Cacao Nib Crunch,1808,2016,75%,Canada,3.25, , 
Marou,"Tan Phu Dong Island, Heart of Darkness",1650,2015,85%,Vietnam,3.25,Trinitario,Vietnam
Marou,Ben Tre,1650,2015,68%,Vietnam,3.5,Trinitario,Vietnam
Marou,"Dak Lak, Batch 2451",1650,2015,70%,Vietnam,3.75,Trinitario,Vietnam
Marou,"Tan Phu Dong, Treasure Island",1149,2013,75%,Vietnam,3.5,Trinitario,Vietnam
Marou,Ba Ria,845,2012,76%,Vietnam,3.5,Trinitario,Vietnam
Marou,Dong Nai,845,2012,72%,Vietnam,3.5,Trinitario,Vietnam
Marou,"Tien Giang, Gao Co-op",845,2012,70%,Vietnam,3.5,Trinitario,Vietnam
Marou,Ben Tre,849,2012,78%,Vietnam,3.5,Trinitario,Vietnam
Marou,Tien Giang,895,2012,80%,Vietnam,3,Trinitario,Vietnam
Marou,Lam Dong,955,2012,74%,Vietnam,3.5,Trinitario,Vietnam
Mars,"Matina 1-6, prototype",537,2010,65%,U.S.A.,3, ,Costa Rica
Mars,Ivory Coast,544,2010,65%,U.S.A.,3, ,Ivory Coast
Mars,Nigeria,544,2010,65%,U.S.A.,3.25, ,Nigeria
Mars,"Ghana, prototype",544,2010,65%,U.S.A.,3.5,Forastero,Ghana
Marsatta,Dominican Republic,1189,2013,74%,U.S.A.,2.25, ,Dominican Republic
Marsatta,Dominican Republic,1189,2013,89%,U.S.A.,2.5, ,Dominican Republic
Martin Mayer,Alto Beni,1836,2016,76%,Austria,2.75, ,Bolivia
Martin Mayer,Pisa,1836,2016,82%,Austria,3, ,Haiti
Martin Mayer,Tumaco,1836,2016,74%,Austria,3.25, ,Colombia
Mast Brothers,Guatemala,1450,2015,76%,U.S.A.,3, ,Guatemala
Mast Brothers,Tanzania,1450,2015,74%,U.S.A.,3.25, ,Tanzania
Mast Brothers,French Laundry 20th Anniversary,1359,2014,75%,U.S.A.,3.75,Blend,"Peru, Belize"
Mast Brothers,Shake Shack,959,2012,73%,U.S.A.,3.5,Blend,"Peru, Mad., Dom. Rep."
Mast Brothers,Madagascar,999,2012,72%,U.S.A.,2.5,Trinitario,
Mast Brothers,Chuao,999,2012,73%,U.S.A.,2.75,Trinitario,Venezuela
Mast Brothers,Brooklyn Blend,672,2011,72%,U.S.A.,3.5, , 
Mast Brothers,"Chuao, Med. Roast",701,2011,76%,U.S.A.,3,Trinitario,Venezuela
Mast Brothers,"Chuao, Dark Roast",709,2011,70%,U.S.A.,3,Trinitario,Venezuela
Mast Brothers,"Chuao, Light Roast",713,2011,81%,U.S.A.,2.75,Trinitario,Venezuela
Mast Brothers,Moho River,773,2011,70%,U.S.A.,3.5,Trinitario,Belize
Mast Brothers,Papua New Guinea,777,2011,71%,U.S.A.,2.75, ,Papua New Guinea
Mast Brothers,San Martin,777,2011,75%,U.S.A.,3, ,Peru
Mast Brothers,Conacado,777,2011,73%,U.S.A.,3.25, ,Dominican Republic
Mast Brothers,"La Red de Guanconejo, N. Highlands coop",777,2011,74%,U.S.A.,3.75, ,Dominican Republic
Mast Brothers,Patanemo,572,2010,81%,U.S.A.,2.75,Criollo,Venezuela
Mast Brothers,Ocumare de la Costa,572,2010,75%,U.S.A.,3, ,Venezuela
Mast Brothers,"Dominican Republic, Coop",572,2010,70%,U.S.A.,3.25, ,Dominican Republic
Matale,"Malekula P., 2013",1177,2013,72%,Australia,3.5,Trinitario,Vanuatu
Matale,"Somia, 2013",1177,2013,68%,Australia,4,Trinitario,Madagascar
Matale,"Kulili P., 2013",1177,2013,74%,Australia,4,Trinitario,Papua New Guinea
Matale,Blend,1181,2013,70%,Australia,3.75,Trinitario,"PNG, Vanuatu, Mad"
Maverick,Maya Mountain,1367,2014,70%,U.S.A.,3.25,Trinitario,Belize
Maverick,Elvesia,1367,2014,70%,U.S.A.,3.25, ,Dominican Republic
Maverick,Tumbes,1430,2014,82%,U.S.A.,3.25,Criollo,Peru
Maverick,"Morropon, Norandiono Coop, Piura",1430,2014,63%,U.S.A.,3.5,Criollo,Peru
Mayacama,Hispaniola,1728,2016,72%,U.S.A.,3, ,Domincan Republic
Meadowlands,Bolivia,1287,2014,70%,U.S.A.,2.5, ,Bolivia
Meadowlands,Venezuela,1287,2014,70%,U.S.A.,2.75, ,Venezuela
Meadowlands,Belize,1287,2014,70%,U.S.A.,3,Trinitario,Belize
Meadowlands,"Nicaragua, w/ inbs",1291,2014,70%,U.S.A.,3, ,Nicaragua
Meadowlands,Dominican Republic,1291,2014,70%,U.S.A.,3.5, ,Dominican Republic
Menakao (aka Cinagra),Madagascar,837,2012,80%,Madagascar,2.5,Trinitario,Madagascar
Menakao (aka Cinagra),Madagascar,841,2012,72%,Madagascar,2.5,Trinitario,Madagascar
Mesocacao,El Salvador,1494,2015,80%,Honduras,2.75, ,El Salvador
Mesocacao,El Salvador,1494,2015,70%,Honduras,3, ,El Salvador
Mesocacao,Honduras,1347,2014,80%,Honduras,3.25, ,Honduras
Mesocacao,Honduras,1347,2014,70%,Honduras,3.5, ,Honduras
Mesocacao,"La Tronca, Matagalpa",1351,2014,70%,Honduras,3.25, ,Nicaragua
Mesocacao,"La Tronca, Matagalpa",1351,2014,80%,Honduras,3.5, ,Nicaragua
Metiisto,"Fazenda Sempre Firme P., Bahia",1267,2014,70%,Sweden,3, ,Brazil
Metiisto,Akesson Estate,1267,2014,72%,Sweden,3.5,Trinitario,Madagascar
Metropolitan,South America,1688,2015,70%,Amsterdam,3.5,Trinitario,South America
Michel Cluizel,"Chiapas, Mokaya P.",963,2012,66%,France,3.75, ,Mexico
Michel Cluizel,"Carenero Superior, Concepcion",117,2007,66%,France,3.5,Trinitario,Venezuela
Michel Cluizel,Vila Gracinda,135,2007,67%,France,3.5,Forastero,Sao Tome
Michel Cluizel,Carre Amer,24,2006,60%,France,2, , 
Michel Cluizel,Carre Grand Noir,24,2006,85%,France,2, , 
Michel Cluizel,Tamarina,24,2006,70%,France,3,Forastero,Sao Tome
Michel Cluizel,Los Ancones P.,24,2006,67%,France,4, ,Dominican Republic
Michel Cluizel,Mangaro P.,24,2006,65%,France,4,Trinitario,Madagascar
Michel Cluizel,Maralumi P.,24,2006,64%,France,4, ,Papua New Guinea
Michel Cluizel,Noir Infini,81,2006,99%,France,2, , 
Middlebury,Maya Mountain,1490,2015,80%,U.S.A.,3.5,Trinitario,Belize
Middlebury,San Juan Estate,1490,2015,70%,U.S.A.,3.5,Trinitario,Trinidad
Middlebury,Oko Caribe,1490,2015,75%,U.S.A.,3.75, ,Dominican Republic
Middlebury,"Patanemo, Epoch, Donaldo",1490,2015,75%,U.S.A.,3.75, ,Venezuela
Middlebury,Kokoa Kamili,1538,2015,75%,U.S.A.,3.25, ,Tanzania
Middlebury,"Matagalpa, Cacao Bisiesto",1538,2015,70%,U.S.A.,3.5, ,Nicaragua
Middlebury,La Red,1117,2013,75%,U.S.A.,2.5, ,Dominican Republic
Middlebury,Belize,1117,2013,80%,U.S.A.,3.25,Trinitario,Belize
Middlebury,Houseblend,887,2012,65%,U.S.A.,1.5, , 
Middlebury,Alto Beni,887,2012,75%,U.S.A.,2,Criollo,Bolivia
Middlebury,"Balinese, Java",887,2012,70%,U.S.A.,2.5,Criollo,Indonesia
Millcreek Cacao Roasters,Ecuador,1073,2013,70%,U.S.A.,2.5,Forastero (Nacional),Ecuador
Millcreek Cacao Roasters,Ecuador,825,2012,70%,U.S.A.,3.5, ,Ecuador
Mindo,Ecuador,607,2010,67%,U.S.A.,2.75, ,Ecuador
Mindo,Ecuador,607,2010,77%,U.S.A.,2.75, ,Ecuador
Minimal,"Acul-du-Nord, 2015",1920,2016,70%,Japan,3.5,"Criollo, Trinitario",Haiti
Mission,"Fazenda Camboa, Bahia",1880,2016,75%,Brazil,3.75, ,Brazil
Mission,"Bahia, Fazenda Venturosa",1626,2015,70%,Brazil,3.5,Forastero (Parazinho),Brazil
Mita,Tumaco,955,2012,65%,Colombia,2.5, ,Colombia
Moho,"Toledo District, w/ nibs",1026,2013,73%,U.S.A.,3.25,Trinitario,Belize
Moho,Toledo District,1030,2013,72%,U.S.A.,3,Trinitario,Belize
Moho,"Umoho R., Toledo District, San Felipe",607,2010,67%,U.S.A.,2.75,Trinitario,Belize
Molucca,La Red,1614,2015,70%,U.S.A.,3, ,Domincan Republic
Molucca,Indonesia,1618,2015,70%,U.S.A.,2.75, ,Indonesia
Molucca,Peru,1618,2015,70%,U.S.A.,3.25, ,Peru
Momotombo,Matagalpa,661,2011,70%,Nicaragua,2.75, ,Nicaragua
Momotombo,Mombacho,661,2011,70%,Nicaragua,2.75, ,Nicaragua
Momotombo,Oscuro,772,2011,70%,Nicaragua,3.25, ,Nicaragua
Monarque,Oko Caribe,1812,2016,72%,Canada,3.5, ,Dominican Republic
Monsieur Truffe,Papaua New Guinea,1391,2014,70%,Australia,3.25, ,Papua New Guinea
Montecristi,Manabi,1654,2015,70%,Ecuador,3.25, ,Ecuador
Montecristi,Manabi,1654,2015,63%,Ecuador,3.5, ,Ecuador
Montecristi,Manabi,1658,2015,85%,Ecuador,3.5, ,Ecuador
Muchomas (Mesocacao),Nicaragua,1462,2015,70%,U.S.A.,3.5, ,Nicaragua
Muchomas (Mesocacao),Nicaragua,1462,2015,80%,U.S.A.,3.5, ,Nicaragua
Mutari,"Kokoa Kamili, batch 1 SRB",1896,2016,68%,U.S.A.,2.75, ,Tanzania
Mutari,"Oko Caribe, batch 1 SRB",1896,2016,71%,U.S.A.,2.75, ,Domincan Republic
Mutari,"Ambanja, batch 1 SRB",1900,2016,68%,U.S.A.,2.75, ,Madagascar
Mutari,"Tien Giang, batch 1 SRB",1900,2016,80%,U.S.A.,3,Trinitario,Vietnam
Nahua,"Costa Rica, Oscuro",1049,2013,58%,Costa Rica,2.5, ,Costa Rica
Nahua,"Costa Rica, Oscuro",1049,2013,70%,Costa Rica,3, ,Costa Rica
Naive,Trinidad & Tobago,1046,2013,70%,Lithuania,3.75, ,"Trinidad, Tobago"
Naive,"Maranon Canyon, Fortunato No. 4",1133,2013,78%,Lithuania,3.75,Forastero (Nacional),Peru
Naive,Grenada,867,2012,71%,Lithuania,2.5,Trinitario,Grenada
Na�ve,Nicaragua,1379,2014,70%,Lithuania,3.25,Criollo,Nicaragua
Na�ve,Chuao,1399,2014,75%,Lithuania,2.75,Trinitario,Venezuela
Na�ve,Barinas,1399,2014,70%,Lithuania,3, ,Venezuela
Nanea,Criollo Blend,1007,2013,85%,U.S.A.,3.5, ,Hawaii
Nathan Miller,Peru,1403,2014,72%,U.S.A.,2.25, ,Peru
Nathan Miller,Hispaniola,1403,2014,70%,U.S.A.,2.5, ,Dominican Republic
Nathan Miller,Madagascar,1403,2014,73.5%,U.S.A.,2.5,Trinitario,Madagascar
Nathan Miller,Ghana,1403,2014,70%,U.S.A.,3.5,Forastero,Ghana
Neuhaus (Callebaut),Papua New Guinea,531,2010,70%,Belgium,2.5,Criollo,Papua New Guinea
Neuhaus (Callebaut),Manickchand Estate,230,2008,67%,Belgium,3.75,Trinitario,Trinidad
Neuhaus (Callebaut),Dark,135,2007,73%,Belgium,1, , 
Neuhaus (Callebaut),West Africa,15,2006,73%,Belgium,2,Forastero,West Africa
Neuhaus (Callebaut),Sao Tome,15,2006,75%,Belgium,2.75,Forastero,Sao Tome
Neuhaus (Callebaut),Ocumare,24,2006,71%,Belgium,3,Criollo,Venezuela
Nibble,Patanemo,1526,2015,72%,U.S.A.,2.25,Criollo,Venezuela
Nibble,Elvesia P.,1526,2015,72%,U.S.A.,2.75,Trinitario,Dominican Republic
Nibble,"Ambanja, Sambirano Valley",1526,2015,72%,U.S.A.,3,Trinitario,Madagascar
Nibble,Tumbes,1526,2015,72%,U.S.A.,3,Criollo,Peru
Night Owl,Peru,1022,2013,75%,U.S.A.,2.75, ,Peru
Night Owl,Ecuador,1022,2013,75%,U.S.A.,3.5, ,Ecuador
Noble Bean aka Jerjobo,Ghana,1295,2014,75%,U.S.A.,3,Forastero,Ghana
Noble Bean aka Jerjobo,Moho Valley,1299,2014,75%,U.S.A.,3,Trinitario,Belize
Noble Bean aka Jerjobo,Maranon Canyon,1299,2014,75%,U.S.A.,3.25,Forastero (Nacional),Peru
Noir d' Ebine,Venezuela,837,2012,70%,U.S.A.,3, ,Venezuela
Noir d' Ebine,Ecuador,841,2012,70%,U.S.A.,3, ,Ecuador
Nova Monda,"La Patriota, cacao Indio, purple label",931,2012,70%,Nicaragua,3, ,Nicaragua
Nova Monda,"La Dalia, Matagalpa,cacao Bisesto,green label",935,2012,75%,Niacragua,2.75, ,Nicaragua
Nova Monda,"Punta Galera, cacao Nacional, gold label",935,2012,80%,Nicaragua,3.25,Forastero (Nacional),Ecuador
Nuance,"Ghana, 2013",1454,2015,70%,U.S.A.,3.75,Forastero,Ghana
Nuance,"Ecuador, 2013",1458,2015,70%,U.S.A.,2.75,Trinitario,Ecuador
Nuance,"Canoabo, 2013",1458,2015,70%,U.S.A.,3,Criollo,Venezuela
Nuance,"Sambirano Valley, 2012",1458,2015,70%,U.S.A.,3.5,Trinitario,Madagascar
Nuance,La Red,1470,2015,70%,U.S.A.,3.75, ,Dominican Republic
Nugali,Fazenda Leolinda,1876,2016,70%,Brazil,3.5,Trinitario (Scavina),Brazil
Oakland Chocolate Co.,Jamaica,478,2010,70%,U.S.A.,2.5,Trinitario,Jamaica
Obolo,Pangoa,1638,2015,70%,Chile,3.75,Criollo,Peru
Obolo,"Pangoa, w/ nibs",1638,2015,70%,Chile,3.75,Criollo,Peru
Ocelot,Virunga,1558,2015,70%,Scotland,3.75,Forastero,Congo
Ocelot,Piura,1558,2015,75%,Scotland,4,Criollo,Peru
Ocho,Sang Yum Coop,1760,2016,100%,New Zealand,2.75, ,Samoa
Ocho,Sang Yum Coop,1760,2016,70%,New Zealand,3.5, ,Samoa
Ocho,"PNG, Devotion",1411,2014,66%,New Zealand,2.75, ,Papua New Guinea
Ocho,"PNG, Revolution",1411,2014,70%,New Zealand,3, ,Papua New Guinea
Ocho,"PNG, Voodoo",1411,2014,88%,New Zealand,3.25, ,Papua New Guinea
Ocho,"PNG, Nib Bar",1411,2014,74%,New Zealand,3.5, ,Papua New Guinea
Ohiyo,"San Juan Estate, Gran Couva",1594,2015,70%,U.S.A.,2.75,Trinitario,Trinidad
Ohiyo,Tanzania,1598,2015,70%,U.S.A.,3, ,Tanzania
Oialla by Bojessen (Malmo),"Sylvestre, Oialla",761,2011,70%,Germany,3.5,Criollo,Bolivia
Olive and Sinclair,Dominican Republic prototype,486,2010,72%,U.S.A.,3, ,Dominican Republic
Olive and Sinclair,Ghana prototype,486,2010,72%,U.S.A.,3,Forastero,Ghana
Olive and Sinclair,Dark 67,457,2009,67%,U.S.A.,2.75, ,"Ghana, Domin. Rep"
Olive and Sinclair,Dark 75,457,2009,75%,U.S.A.,3, ,"Ghana, Domin. Rep"
Olivia,Carribean-Raw,688,2011,76%,Canada,2, ,Carribean
Olivia,Carribean,688,2011,76%,Canada,2.75, ,Carribean
Olivia,Carribean,688,2011,85%,Canada,2.75, ,Carribean
Olivia,Carribean-Raw,688,2011,85%,Canada,3, ,Carribean
Omanhene,Ghana,693,2011,80%,Ghana,2.75,Forastero,Ghana
Omnom,"Kakao Kamili, Kilombero Valley",1816,2016,70%,Iceland,3.75,Trinitario,Tanzania
Omnom,Papua New Guinea,1247,2014,70%,Iceland,3, ,Papua New Guinea
Omnom,Madagascar,1247,2014,66%,Iceland,3.5,Trinitario,Madagascar
organicfair,Maya Mountain,1161,2013,74%,Canada,2.75,Trinitario,Belize
organicfair,La Red,1165,2013,72%,Canada,2.75, ,Dominican Republic
organicfair,Nicaraqua,1165,2013,72%,Canada,2.75,Trinitario,Nicaragua
organicfair,Caribe,1165,2013,72%,Canada,3, ,Dominican Republic
organicfair,Mindo,1165,2013,72%,Canada,3,Trinitario,Ecuador
Original Beans (Felchlin),Papua Kerafat,1438,2014,68%,Switzerland,2.75, ,Papua New Guinea
Original Beans (Felchlin),"Grand Cru Blend No.1, 5 yr. Anniversary Ed",1442,2014,80%,Switzerland,3.25,Blend, 
Original Beans (Felchlin),"Alto Beni, Wild Harvest, Itenez R. 24hr c.",733,2011,66%,Switzerland,3.75, ,Bolivia
Original Beans (Felchlin),"D.R. Congo, Cru Virunga",331,2009,70%,Switzerland,3,Forastero,Congo
Original Beans (Felchlin),"Piura, Apotequil, ""Porcelana"" 72hr c.",341,2009,75%,Switzerland,3,Criollo,Peru
Original Beans (Felchlin),"Alto Beni, Wild Harvest, Itenez R., 60hr c.",341,2009,68%,Switzerland,3.25, ,Bolivia
Original Hawaiin Chocolate Factory,"Hawai'i, Kona Grand Cru E.",316,2009,60%,U.S.A.,3,Criollo,Hawaii
Original Hawaiin Chocolate Factory,"Hawai'i, Kona Estate Grown",24,2006,60%,U.S.A.,3, ,Hawaii
Orquidea,Peru,859,2012,65%,Peru,3, ,Peru
Orquidea,Peru,859,2012,72%,Peru,3, ,Peru
Pacari,"Sierra Nevada, Tutu Iku",1848,2016,70%,Ecuador,4, ,Colombia
Pacari,Garaua,1415,2014,70%,Ecuador,3.25, ,Ecuador
Pacari,Cumbia,1415,2014,70%,Ecuador,3.5, ,Ecuador
Pacari,Montubia,1415,2014,70%,Ecuador,3.75, ,Ecuador
Pacari,Tangara,1415,2014,70%,Ecuador,4, ,Ecuador
Pacari,"Ecuador, raw",817,2012,85%,Ecuador,2.75, ,Ecuador
Pacari,Piura,863,2012,70%,Ecuador,4, ,Peru
Pacari,Nube- prototype,721,2011,70%,Ecuador,3.5, ,Ecuador
Pacari,Esmeraldas,224,2008,60%,Ecuador,2.5,Forastero (Arriba),Ecuador
Pacari,Manabi,224,2008,65%,Ecuador,2.75,Forastero (Arriba),Ecuador
Pacari,Los Rios,224,2008,72%,Ecuador,3,Forastero (Arriba),Ecuador
Pacari,Raw,266,2008,100%,Ecuador,2,Forastero (Arriba),Ecuador
Pacari,Raw,266,2008,70%,Ecuador,3.5,Forastero (Arriba),Ecuador
Palette de Bine,Lachua,1720,2016,70%,Canada,2.75, ,Guatemala
Palette de Bine,Maya Mtn,1720,2016,72%,Canada,3,Trinitario,Belize
Palette de Bine,"Silvestre, La Paz, Beni",1570,2015,70%,Canada,3.25, ,Bolivia
Palette de Bine,"San Juan Estate, Gran Couva",1570,2015,70%,Canada,3.25,Trinitario,Trinidad
Palette de Bine,Kokoa Kamili,1574,2015,72%,Canada,3.5, ,Tanzania
Palette de Bine,Lam Dong,1574,2015,72%,Canada,3.75,Trinitario,Vietnam
Palette de Bine,"Alto Beni, Palos Blancos",1239,2014,72%,Canada,2.75, ,Bolivia
Palette de Bine,Sambirano,1239,2014,78%,Canada,3.75,Trinitario,Madagascar
Palette de Bine,"Camino Verde P., Balao, Guayas",1303,2014,75%,Canada,2.75, ,Ecuador
Palette de Bine,Duo- Gran Couva & Camino Verde,1399,2014,75%,Canada,3.5,Blend,"Trinidad, Ecuador"
Palette de Bine,Gran Couva,1399,2014,70%,Canada,3.75,Trinitario,Trinidad
Pangea,Matasawalevu,1860,2016,76%,Spain,3, ,Fiji
Park 75,South America,1363,2014,65%,U.S.A.,3.5, ,South America
Parliament,Kilombero Valley,1856,2016,70%,U.S.A.,3.25, ,Tanzania
Parliament,"Lachua, Q'egchi families",1542,2015,70%,U.S.A.,3.5, ,Guatemala
Parliament,Alto Beni,1251,2014,70%,U.S.A.,3, ,Bolivia
Parliament,Oko Caribe,1255,2014,70%,U.S.A.,3.5, ,Dominican Republic
Pascha,Peru,1137,2013,55%,Peru,2.5, ,Peru
Pascha,Peru,1137,2013,70%,Peru,2.75, ,Peru
Patric,Signature Blend,636,2011,70%,U.S.A.,3.75,Blend, 
Patric,Madagascar,331,2009,75%,U.S.A.,4,Trinitario,Madagascar
Patric,Madagascar,439,2009,67%,U.S.A.,3.5,Trinitario,Madagascar
Patric,"Rio Caribe, Paria Penninsula",439,2009,70%,U.S.A.,3.5,Trinitario,Venezuela
Patric,Madagascar,196,2007,70%,U.S.A.,4,Trinitario,Madagascar
Patric,"Piura, Choc. Garage Exclusive",1034,2013,67%,U.S.A.,4, ,Peru
Paul Young,"Madagascar, w/ shell",1271,2014,73%,U.K.,2.25,Trinitario,Madagascar
Paul Young,"Madagascar, w/ shell",1271,2014,64%,U.K.,2.75,Trinitario,Madagascar
Peppalo,Dominican Republic,1454,2015,82%,U.S.A.,3, ,Dominican Republic
Pierre Marcolini,"Haut Penja, w/ nibs",1658,2015,70%,Belgium,3.25,Forastero,Cameroon
Pierre Marcolini,Chuao,478,2010,75%,Belgium,3,Criollo,Venezuela
Pierre Marcolini,Trinite,478,2010,75%,Belgium,3.25,Trinitario,Trinidad
Pierre Marcolini,"Baracoa, Cuba",516,2010,78%,Belgium,3.75,"Criollo, Forastero",Cuba
Pierre Marcolini,"Peru, Las Pampas P.",531,2010,85%,Belgium,3,Criollo,Peru
Pierre Marcolini,"Bahia Brazil, Fazenda Sao Pedro",414,2009,72%,Belgium,3,Forastero,Brazil
Pierre Marcolini,"Porcelana, Tabasco, Finca La Joya",445,2009,72%,Belgium,3,Criollo,Mexico
Pierre Marcolini,Cabosse,111,2007,70%,Belgium,4,Blend,"Venezuela, Java"
Pierre Marcolini,"Los Rios, Puerto Romero, Equateur",129,2007,72%,Belgium,3.75,Forastero (Nacional),Ecuador
Pierre Marcolini,"Sambirano, Ambanja, Madagascar",141,2007,72%,Belgium,4,Trinitario,Madagascar
Pierre Marcolini,Fleur de Cacao,166,2007,85%,Belgium,3.5,Blend,Venezuela/ Ghana
Pierre Marcolini,"Porcelana, Tabasco, Limited Ed.",81,2006,72%,Belgium,4,Criollo,Mexico
Pierre Marcolini,"Kendem Lembu, Java",93,2006,72%,Belgium,3,Criollo,Indonesia
Pierre Marcolini,"Ocumare, Puerto Cabello, Venezuela",93,2006,72%,Belgium,4,Criollo,Venezuela
Pinellas,Wampusirpi Region,1772,2016,80%,U.S.A.,2.5, ,Honduras
Pitch Dark,Tenor,1506,2015,62%,U.S.A.,2.5, ,Nicaragua
Pitch Dark,Johe,1506,2015,80%,U.S.A.,2.75, ,Nicaragua
Pitch Dark,Chuno,1510,2015,80%,U.S.A.,2.75,"Criollo, Trinitario",Nicaragua
Pitch Dark,Nicalizo,1510,2015,80%,U.S.A.,2.75,Trinitario,Nicaragua
Pitch Dark,Rugoso,1510,2015,80%,U.S.A.,3.25, ,Nicaragua
Pitch Dark,Akesson Estate,1311,2014,73%,U.S.A.,3.25,Trinitario,Madagascar
Pitch Dark,Namau Village,1315,2014,73%,U.S.A.,2.5,Trinitario,Fiji
Pitch Dark,"Camino Verde P., Balao, Guayas, ""Fruity""",1319,2014,73%,U.S.A.,3.25, ,Ecuador
Pitch Dark,"Camino Verde P., Balao, Guayas, ""Floral""",1319,2014,73%,U.S.A.,3.5, ,Ecuador
Pomm (aka Dead Dog),"La Red, 2011",829,2012,76%,U.S.A.,2.5, ,Dominican Republic
Pomm (aka Dead Dog),Peru,829,2012,82%,U.S.A.,2.75,Criollo,Peru
Potomac,"Oko Caribe, Duarte Province, 2016 H.",1820,2016,70%,U.S.A.,3.75, ,Domincan Republic
Potomac,"Cuyagua, 2013",1387,2014,70%,U.S.A.,3.75, ,Venezuela
Potomac,Upala w/ nibs,647,2011,70%,U.S.A.,3.5,Matina,Costa Rica
Potomac,"Upala, Batch 18",654,2011,70%,U.S.A.,3,Matina,Costa Rica
Potomac,"San Martin, Amazonian Highlands",789,2011,70%,U.S.A.,2.75, ,Peru
Potomac,Bahia,789,2011,70%,U.S.A.,3.5, ,Brazil
Potomac,"Upala, Batch 12",607,2010,82%,U.S.A.,3.75,Matina,Costa Rica
Pralus,Peru,1446,2015,75%,France,3.25, ,Peru
Pralus,"Porcelana, S. of Lake Maracaibo",717,2011,75%,France,3.25,Criollo (Porcelana),Venezuela
Pralus,Chuao,486,2010,75%,France,3.5,Trinitario,Venezuela
Pralus,Cuyagua,451,2009,75%,France,2, ,Venezuela
Pralus,Papouasie,199,2008,75%,France,3,Trinitario,Papua New Guinea
Pralus,"Sambirano Valley, Le 100%",202,2008,100%,France,3,Criollo,Madagascar
Pralus,Dominican Republic-Organic,280,2008,75%,France,2, ,Dominican Republic
Pralus,"Monte Alegre, Diego Badero",280,2008,75%,France,3.5, ,Brazil
Pralus,Claudio Corallo w/ nibs,162,2007,75%,France,4,Forastero,Sao Tome
Pralus,"Monte Alegre (Itacare), Brazil",105,2006,75%,France,3,Forastero,Brazil
Pralus,Tanzania,105,2006,75%,France,3.5,Criollo,Tanzania
Pralus,Sao Tome & Principe,5,2006,75%,France,3.5,Forastero,Sao Tome & Principe
Pralus,Trinidad,5,2006,75%,France,3.5,Trinitario,Trinidad
Pralus,"Madagascar, Nosy Be Isle.",5,2006,75%,France,3.75,Criollo,Madagascar
Pralus,"Java, Indonesie",32,2006,75%,France,3.5,Criollo,Indonesia
Pralus,"Barlovento, Venezuela",32,2006,75%,France,3.5,Trinitario,Venezuela
Pralus,Jamaique,32,2006,75%,France,4,Trinitario,Jamaica
Pralus,Equateur,40,2006,75%,France,3,Trinitario,Ecuador
Pralus,Vanuatu,40,2006,75%,France,3,Trinitario,Vanuatu
Pralus,Ghana,40,2006,75%,France,3.25,Forastero,Ghana
Pralus,Colombie,40,2006,75%,France,3.5,Trinitario,Colombia
Pralus,Fortissima,93,2006,80%,France,4,"Criollo, Trinitario",Ecuador
Pralus,Cuba,99,2006,75%,France,3,Trinitario,Cuba
Pralus,"Caracas, Venezuela and Ghana",99,2006,75%,France,3,"Trinitario, Forastero","Venezuela, Ghana"
Pralus,"Djakarta, Java and Ghana",99,2006,75%,France,3.5,"Criollo, Forastero","Indonesia, Ghana"
Pump Street Bakery,"Chocoan Rainforest, Teroro Escondido, ESM",1872,2016,77%,U.K.,3.5, ,Ecuador
Pump Street Bakery,"Crayfish Bay Estate, 2014",1502,2015,70%,U.K.,3.5,Trinitario,Grenada
Pump Street Bakery,"Akesson's, batch 4411",1530,2015,74%,U.K.,3.5,Criollo,Madagascar
Pump Street Bakery,Honduras,1688,2015,80%,U.K.,2.75, ,Honduras
Pump Street Bakery,"Patanemo Vil., Carabobo State, Tisano family",1223,2014,75%,U.K.,2.75,Trinitario,Venezuela
Pump Street Bakery,Guantupi River,1223,2014,75%,U.K.,3,Forastero (Nacional),Ecuador
Pump Street Bakery,"Akessons Estate, Sambirano, Ambanja",1223,2014,72%,U.K.,3.25,Trinitario,Madagascar
Pump Street Bakery,Guantupi River,1227,2014,85%,U.K.,2.75,Forastero (Nacional),Ecuador
Pura Delizia,Venezuela,931,2012,73%,Italy,2.75, ,Venezuela
Q Chocolate,Brazil,1057,2013,75%,Brazil,3.25, ,Brazil
Q Chocolate,Brazil,1057,2013,85%,Brazil,3.5, ,Brazil
Q Chocolate,Brazil,1069,2013,55%,Brazil,2.75, ,Brazil
Q Chocolate,Brazil,1069,2013,80%,Brazil,3.25, ,Brazil
Q Chocolate,Brazil,935,2012,60%,Brazil,3, ,Brazil
Q Chocolate,Brazil,935,2012,65%,Brazil,3.25, ,Brazil
Quetzalli (Wolter),"Mexico, Lot 28022016",1796,2016,70%,Mexico,2.75,Criollo,Mexico
Quetzalli (Wolter),"Uranga, Lot 22032016",1800,2016,74%,Mexico,3,Trinitario,Mexico
Raaka,Amazon Basin Blend,1788,2016,70%,U.S.A.,3, ,"Peru(SMartin,Pangoa,nacional)"
Raaka,Virunga,1708,2015,75%,U.S.A.,2.75,Forastero,Congo
Raaka,Madagascar,959,2012,75%,U.S.A.,3.25,Trinitario,Madagascar
Raaka,La Red,785,2011,85%,U.S.A.,3.5, ,Dominican Republic
Rain Republic,Suchitepequez E.,470,2010,70%,Guatemala,2.75, ,Guatemala
Rancho San Jacinto,Ecuador,565,2010,75%,Eucador,3,"Forastero(Arriba, CCN)",Ecuador
Ranger,"San Martin, Batch 2",1558,2015,70%,U.S.A.,2.5, ,Peru
Ranger,"Chulucanas, Batch 1",1562,2015,80%,U.S.A.,3.25, ,Peru
Ranger,"Tumbes, Batch 2",1562,2015,73%,U.S.A.,3.5,Criollo,Peru
Raoul Boulanger,Piura,1872,2016,75%,France,3.25,Criollo,Peru
Raw Cocoa,Raw,867,2012,70%,Poland,2.5,Criollo, 
Republica del Cacao (aka Confecta),Esmeraldas,494,2010,75%,Ecuador,3.25, ,Ecuador
Republica del Cacao (aka Confecta),"Los Rios, Vinces",439,2009,75%,Ecuador,2.5,Forastero (Arriba),Ecuador
Republica del Cacao (aka Confecta),Manabi,147,2007,75%,Ecuador,3,Forastero (Arriba),Ecuador
Republica del Cacao (aka Confecta),El Oro,147,2007,67%,Ecuador,3.5,Forastero (Arriba),Ecuador
Republica del Cacao (aka Confecta),Los Rios,170,2007,75%,Ecuador,3.75,Forastero (Arriba),Ecuador
Ritual,"Camino Verde P., Balao, 2015 harvest, batch8",1860,2016,75%,U.S.A.,3.75, ,Ecuador
Ritual,"Camino Verde P., Balao, Guayas, 2014",1466,2015,85%,U.S.A.,3.5, ,Ecuador
Ritual,"Mid Mountain, 2014",1466,2015,70%,U.S.A.,3.5,Blend, 
Ritual,"Toledo District, Maya",1089,2013,75%,U.S.A.,3.75,Trinitario,Belize
Ritual,"Maranon, Cajamarca",1181,2013,75%,U.S.A.,3,Forastero (Nacional),Peru
Ritual,Sambirano,891,2012,75%,U.S.A.,4,Trinitario,Madagascar
Ritual,"Camino Verde P., 2012, Balao, Guayas",967,2012,75%,U.S.A.,3.25,Nacional (Arriba),Ecuador
Ritual,Gran Couva,979,2012,75%,U.S.A.,3.5,Trinitario,Trinidad
Ritual,Costa Rica,745,2011,75%,U.S.A.,3.5, ,Costa Rica
Roasting Masters,"La Dorado, light roast",1844,2016,70%,South Korea,3.25, ,Costa Rica
Roasting Masters,"Tapanti, light roast",1844,2016,70%,South Korea,3.25, ,Costa Rica
Roasting Masters,Maleku,1844,2016,70%,South Korea,3.25, ,Costa Rica
Robert (aka Chocolaterie Robert),Madagascar,1061,2013,75%,Madagascar,3.25,Trinitario,Madagascar
Robert (aka Chocolaterie Robert),Madagascar w/ nibs,1061,2013,68%,Madagascar,3.25,Trinitario,Madagascar
Rococo (Grenada Chocolate Co.),"Gru Grococo, St. Andrews",923,2012,66%,U.K.,3.5,Trinitario,Grenada
Rogue,"La Masica, Batch 1, FHIA Research Center",1748,2016,75%,U.S.A.,3.75, ,Honduras
Rogue,"Caranero, Choc. Garage Exclusive",1446,2015,70%,U.S.A.,3.75, ,Venezuela
Rogue,"Tranquilidad, Batch 1",1566,2015,75%,U.S.A.,3.25, ,Bolivia
Rogue,Porcelana,1209,2014,80%,U.S.A.,3.75,Criollo,Venezuela
Rogue,"Akessons Estate, Sambirano, 2013",1038,2013,70%,U.S.A.,3.5,Trinitario,Madagascar
Rogue,"Hispaniola, 2013",1081,2013,70%,U.S.A.,3.5, ,Dominican Republic
Rogue,"Silvestre, Batch 7, 2013",1081,2013,75%,U.S.A.,4, ,Bolivia
Rogue,"Bachelor's Hall E., St. Thomas Parish",1193,2013,75%,U.S.A.,3.75,Trinitario,Jamaica
Rogue,"Camino Verde P., Balao, Guayas",979,2012,75%,U.S.A.,3.75,Nacional (Arriba),Ecuador
Rogue,"Silvestre, Batch 1, 2011",793,2011,75%,U.S.A.,3,Criollo,Bolivia
Rogue,Piura,565,2010,75%,U.S.A.,3.75, ,Peru
Rogue,Rio Caribe,327,2009,70%,U.S.A.,3.5,Trinitario,Venezuela
Rogue,"Hispaniola, 2008",213,2008,70%,U.S.A.,2.75, ,Dominican Republic
Rogue,Jamaica,213,2008,70%,U.S.A.,2.75,Trinitario,Jamaica
Rogue,"Sambirano, 2008",213,2008,70%,U.S.A.,2.75,Trinitario,Madagascar
Rogue,Trinidad,213,2008,70%,U.S.A.,3,Trinitario,Trinidad
Rozsavolgyi,Sur del Lago,809,2012,84%,Hungary,2.5, ,Venezuela
Rozsavolgyi,"Rio Caribe Superior, Paria Penninsula",871,2012,76%,Hungary,2.25,Trinitario,Venezuela
Rozsavolgyi,"Sambirano, Akesson Estate",871,2012,72%,Hungary,2.5,Trinitario,Madagascar
Rozsavolgyi,Carenero Superior,713,2011,73%,Hungary,3.5,Criollo,Venezuela
Rozsavolgyi,Porcelana,717,2011,71%,Hungary,2.5, ,Venezuela
Rozsavolgyi,"Aragua, Trincheras",717,2011,70%,Hungary,3.5, ,Venezuela
Rozsavolgyi,Principe,765,2011,77%,Hungary,2.75,Forastero,Principe
S.A.I.D.,Malgascio,607,2010,64%,Italy,3.5,Trinitario,Madagascar
S.A.I.D.,100 percent,615,2010,100%,Italy,1.5, , 
S.A.I.D.,Samana,615,2010,70%,Italy,3, ,Dominican Republic
S.A.I.D.,Arawak,615,2010,72%,Italy,3.5, ,Carribean
S.A.I.D.,Latino,615,2010,72%,Italy,3.5, , 
Sacred,Midnight,813,2012,83%,U.S.A.,2.75, ,Central and S. America
Sacred,Twilight,813,2012,69%,U.S.A.,3.25, ,Central and S. America
Salgado,Bahia Superior,288,2008,70%,Argentina,3.5,Forastero,Brazil
Salgado,Esmeraldas,288,2008,70%,Argentina,3.5,Forastero (Nacional),Ecuador
Salgado,Carenero Superior,288,2008,70%,Argentina,3.5,Trinitario,Venezuela
Salgado,Rio Arriba,292,2008,70%,Argentina,3.5,Forastero (Arriba) ASSS,Ecuador
Santander (Compania Nacional),Colombian 2008,404,2009,75%,Colombia,2.75,Forastero (Nacional),Colombia
Santander (Compania Nacional),Colombian w/ nibs,414,2009,70%,Colombia,3,Forastero (Nacional),Colombia
Santander (Compania Nacional),Colombian Semi Dark,32,2006,53%,Colombia,2,Forastero (Nacional),Colombia
Santander (Compania Nacional),Colombian,32,2006,65%,Colombia,3,Forastero (Nacional),Colombia
Santander (Compania Nacional),Colombian Dark,32,2006,70%,Colombia,4,Forastero (Nacional),Colombia
Santome,Sao Tome,761,2011,70%,France,2.75,Forastero,Sao Tome
Scharffen Berger,San Juan de Cheni,959,2012,78%,U.S.A.,4, ,Peru
Scharffen Berger,Markham Valley,781,2011,68%,U.S.A.,3.75, ,Papua New Guinea
Scharffen Berger,Camahogne,464,2010,68%,U.S.A.,3.5,Trinitario,Grenada
Scharffen Berger,Amina,464,2010,65%,U.S.A.,3.75,"Trinitario, Criollo",Madagascar
Scharffen Berger,Tome Acu,336,2009,68%,U.S.A.,3.75, ,Brazil
Scharffen Berger,Asante,336,2009,65%,U.S.A.,4,Forastero,Ghana
Scharffen Berger,Ben Tre,445,2009,72%,U.S.A.,3.75,Trinitario,Vietnam
Scharffen Berger,Finisterra,227,2008,72%,U.S.A.,3,Blend,"Ven., Trinidad, Mad."
Scharffen Berger,Las Islas,117,2007,72%,U.S.A.,3,Blend,Carribean(DR/Jam/Tri)
Scharffen Berger,Nibby,135,2007,62%,U.S.A.,3, , 
Scharffen Berger,Cuyagua,135,2007,75%,U.S.A.,3.75, ,Venezuela
Scharffen Berger,Antilles (Trin/Gren/DR/Ven),188,2007,75%,U.S.A.,3,Blend,Carribean
Scharffen Berger,Extra Dark,15,2006,82%,U.S.A.,2, , 
Scharffen Berger,Bittersweet,15,2006,70%,U.S.A.,3.5,Blend, 
Scharffen Berger,Kumasi Sambirano,40,2006,68%,U.S.A.,2,Blend,Ghana & Madagascar
Scharffen Berger,Jamaica a l'ancienne,56,2006,70%,U.S.A.,2,Trinitario,Jamaica
Scharffen Berger,Semisweet,56,2006,62%,U.S.A.,3,Blend, 
Seaforth,Dominican Republic,1658,2015,70%,U.K.,2.75, ,Domincan Republic
Seaforth,Grenada,1658,2015,70%,U.K.,2.75, ,Grenada
Shark Mountain,Jamaica,1450,2015,72%,U.S.A.,3.25,Trinitario,Jamaica
Shark Mountain,Papua New Guinea,1450,2015,73%,U.S.A.,3.5,Forastero,Papua New Guinea
Shark Mountain,Cuyagua,1466,2015,77%,U.S.A.,2.75,Criollo,Venezuela
Shark Mountain,ROIG,1466,2015,74%,U.S.A.,3.5,"Criollo, Trinitario",Dominican Republic
Shark Mountain,Ecuador,1335,2014,75%,U.S.A.,3,Trinitario,Ecuador
Shark Mountain,"Belize, 2013",1335,2014,72%,U.S.A.,3.25,"Criollo, Trinitario",Belize
Shark's,Hilo,713,2011,73%,U.S.A.,2, ,Hawaii
Shark's,"Hilo, w/ added cocoa butter",721,2011,73%,U.S.A.,2.5, ,Hawaii
Shattel,Tingo Maria,1884,2016,70%,Peru,3.25, ,Peru
Shattell,Porcelana,757,2011,75%,Peru,3.5,Criollo,Peru
Sibu,Oro,1586,2015,82%,Costa Rica,3.25, ,Costa Rica
Sibu,Oscuro,1586,2015,70%,Costa Rica,3.5, ,Costa Rica
Sibu Sura,Peru,911,2012,70%,U.S.A.,2.5, ,Peru
Silvio Bessone,Maya Belize,717,2011,67%,Italy,3,Criollo,Belize
Silvio Bessone,"Trintade, Sao Tome",725,2011,65%,Italy,3.25,Forastero,Sao Tome
Silvio Bessone,"Bahia, Scavina",729,2011,60%,Italy,3.25,Trinitario,Brazil
Silvio Bessone,"Porcelana, Colombia, Amazonas",741,2011,68%,Italy,3,"Criollo, Trinitario",Colombia
Sirene,Wild Bolivia,1788,2016,73%,Canada,3.5, ,Bolivia
Sirene,Kokoa Kamili Coop,1856,2016,73%,Canada,3.5, ,Tanzania
Sirene,"Esmeraldas, Salazar Farm",1860,2016,73%,Canada,3.75, ,Ecuador
Sirene,"Somia Plantation, 2012",1502,2015,100%,Canada,3,Trinitario,Madagascar
Sirene,"Camino Verde P., Balao, Guayas, 2012",1506,2015,100%,Canada,3, ,Ecuador
Sirene,Lachua w/ cane sugar,1614,2015,73%,Canada,3, ,Guatemala
Sirene,"Lachua w/ maple sugar, batch 5",1614,2015,73%,Canada,3.25, ,Guatemala
Sirene,Pisa,1650,2015,73%,Canada,3.25, ,Haiti
Sirene,"Somia Plantation, 2012",1339,2014,67%,Canada,3.75,Trinitario,Madagascar
Sirene,"Somia Plantation, 2012",1339,2014,73%,Canada,3.75,Trinitario,Madagascar
Sirene,"Camino Verde P., Balao, Guayas",1343,2014,73%,Canada,3.75, ,Ecuador
Sjolinds,Ghana,1454,2015,70%,U.S.A.,2.75,Forastero,Ghana
Sjolinds,Nicaragua,1462,2015,72%,U.S.A.,3, ,Nicaragua
"Smooth Chocolator, The","Oko Caribe, DOR005",1940,2017,70%,Australia,3.5, ,Dominican Republic
"Smooth Chocolator, The","Guasare, La Sierra de Perija, batch gua001",1740,2016,70%,Australia,3.75,Criollo,Venezuela
"Smooth Chocolator, The","Porcelana, Sorotaima,Machiques,batch pcl001",1740,2016,70%,Australia,4,Criollo,Ecuador
"Smooth Chocolator, The","Maya Mtn, Moho R., Toledo D.",1756,2016,70%,Australia,3.75, ,Belize
"Smooth Chocolator, The",Tien Giang,1864,2016,70%,Australia,3,Trinitario,Vietnam
"Smooth Chocolator, The",Australia,1864,2016,67%,Australia,3.75, ,Australia
"Smooth Chocolator, The","Chimelb, Lanquin, Alta Verapaz, b-GUA001",1908,2016,70%,Australia,3.25, ,Guatemala
"Smooth Chocolator, The",Akesson's Estate,1618,2015,65%,Australia,3.25,Trinitario,Madagascar
"Smooth Chocolator, The",Akesson's Estate,1622,2015,70%,Australia,3.5,Trinitario,Madagascar
"Smooth Chocolator, The",Kokoa Kamili,1622,2015,67%,Australia,3.75, ,Tanzania
"Smooth Chocolator, The",San Juan Estate,1622,2015,70%,Australia,3.75,Trinitario,Trinidad
"Smooth Chocolator, The",Camino Verde,1622,2015,72%,Australia,4, ,Ecuador
"Smooth Chocolator, The",Bolivia,1626,2015,72%,Australia,2.75, ,Bolivia
"Smooth Chocolator, The","Papua New Guinea, triple roast, batch 1",1662,2015,65%,Australia,3.5, ,Papua New Guinea
"Smooth Chocolator, The","Maranon, batch 2",1666,2015,67%,Australia,3,Forastero (Nacional),Peru
"Smooth Chocolator, The","Chuao, batch 3",1666,2015,70%,Australia,3.75,Trinitario,Venezuela
Snake & Butterfly,Ghana,693,2011,67%,U.S.A.,1.5,Forastero,Ghana
Snake & Butterfly,Madagascar,502,2010,68%,U.S.A.,3,Trinitario,Madagascar
Snake & Butterfly,Ecuador,502,2010,68%,U.S.A.,3.25, ,Ecuador
Sol Cacao,"Ecuador, Batch 1",1812,2016,70%,U.S.A.,3.5, ,Ecuador
Sol Cacao,Madagascar,1518,2015,72%,U.S.A.,3,Trinitario,Madagascar
Solkiki,"Maranon, Fortunato No. 4",1840,2016,68%,U.K.,2.75,Forastero (Nacional),Peru
Solkiki,"Castillo, Hispaniola, unroasted",1840,2016,85%,U.K.,2.75, ,Domincan Republic
Solomons Gold,Solomon Island,1792,2016,70%,New Zealand,3.25, ,Solomon Islands
Solomons Gold,Solomon Island w/ nibs,1796,2016,75%,New Zealand,3.25, ,Solomon Islands
Solstice,Bundibugyo,1335,2014,70%,U.S.A.,3,"Forastero, Trinitario",Uganda
Solstice,Sambirano,1157,2013,70%,U.S.A.,3,Trinitario,Madagascar
Solstice,Amazonas,1157,2013,70%,U.S.A.,3, ,Venezuela
Solstice,Bolivia,1161,2013,70%,U.S.A.,3.25, ,Bolivia
Solstice,San Martin,1161,2013,70%,U.S.A.,3.25, ,Peru
Solstice,Wasatch,1161,2013,70%,U.S.A.,3.5,Blend, 
Soma,"Oko Caribe, Duarte P., Collab w Chocosol",1820,2016,62%,Canada,3.5, ,Domincan Republic
Soma,"Sambirano Valley, Black Science, B-60307.0",1820,2016,70%,Canada,3.5,Trinitario,Madagascar
Soma,"Bahia Black, batch bra50722.1",1828,2016,70%,Canada,3.5,Forastero (Parazinho),Brazil
Soma,"Abstract S. w/ Jamaica nibs,batch abs60323.0",1828,2016,75%,Canada,3.75, ,"Ven.,Ecu.,Peru,Nic."
Soma,"Chuno, San Jose de Bocay, Pantasma R.,B.S.",1828,2016,70%,Canada,3.75,Trinitario,Nicaragua
Soma,"Tien Giang, Black S., batch VIT60420.0",1828,2016,70%,Canada,4,Trinitario,Vietnam
Soma,"Camino Verde, Black S., batch cvu6030.0",1832,2016,70%,Canada,3.25, ,Ecuador
Soma,CSB Chama,1594,2015,70%,Canada,3.5,Criollo,Venezuela
Soma,Porcelana,1594,2015,75%,Canada,4, ,Venezuela
Soma,"La Tronca, Matagalpa",1227,2014,70%,Canada,3.5, ,Nicaragua
Soma,Maranon Canyon,1259,2014,70%,Canada,3.75,Forastero (Nacional),Peru
Soma,La Dalia,1307,2014,70%,Canada,3.25,Trinitario,Nicaragua
Soma,"Camino Verde P., Balao, Guayas",1307,2014,80%,Canada,3.5,Forastero (Nacional),Ecuador
Soma,"Espiritu Santo, 'Smoke Monster'",1307,2014,70%,Canada,3.75,Forastero (Amelonado),Vanuatu
Soma,Little Big Man,1339,2014,70%,Canada,3.25,Blend,Madagascar & Ecuador
Soma,"Rizek Cacao, Domin. Rep.",1019,2013,77%,Canada,3.75,Trinitario,Dominican Republic
Soma,Java,1030,2013,70%,Canada,3.25,Criollo,Indonesia
Soma,"Apurimac, El Quinacho Co-op",1073,2013,70%,Canada,2.75,Criollo,Peru
Soma,"Sangre Grande P., Trinidad",1073,2013,70%,Canada,3.75,Trinitario,Trinidad
Soma,Chef's Blend,1077,2013,70%,Canada,3.25, , 
Soma,Patanemo,1077,2013,70%,Canada,3.75,Criollo,Venezuela
Soma,Crazy 88,1077,2013,88%,Canada,4, ,"Guat., D.R., Peru, Mad., PNG"
Soma,"Maracaibo, El Vigia",1077,2013,70%,Canada,4,Criollo,Venezuela
Soma,Equator,1081,2013,67%,Canada,4, ,"Peru, Dom. Rep"
Soma,Orinoco,1173,2013,70%,Canada,3.25,Forastero,Venezuela
Soma,"Bachelor's Hall E., St. Thomas Parish",1177,2013,70%,Canada,4,Trinitario,Jamaica
Soma,Noula Coop,817,2012,70%,Canada,3.25, ,Haiti
Soma,O'ahu,833,2012,70%,Canada,3.75, ,Hawaii
Soma,"Dual Origins, Sambirano, Elvesia",867,2012,70%,Canada,4,Blend,"Dom. Rep., Madagascar"
Soma,"Dancing in Your Head, 5 bean blend",867,2012,70%,Canada,4,Blend,"Gre., PNG, Haw., Haiti, Mad"
Soma,Cahabon Region,951,2012,70%,Canada,3.5,Trinitario,Guatemala
Soma,Carenero Superior,951,2012,70%,Canada,3.75,Trinitario,Venezuela
Soma,Eastern Promises,967,2012,70%,Canada,3.5,Blend,"Mad., Java, PNG"
Soma,Papua New Guinea,983,2012,85%,Canada,3.5,Trinitario,Papua New Guinea
Soma,"Grenada, Black Science",676,2011,70%,Canada,2.75,Trinitario,Grenada
Soma,"Alto Beni, Wild Bolivian",676,2011,70%,Canada,3.5,Nacional,Bolivia
Soma,Peruvian,676,2011,64%,Canada,4, ,Peru
Soma,"Three Amigos(Chuao, Wild Bolivia, D.R.)",676,2011,70%,Canada,4,,"Ven, Bolivia, D.R."
Soma,"Elvesia P., Black Science",682,2011,70%,Canada,3.75,Forastero,Dominican Republic
Soma,Chuao,688,2011,70%,Canada,3.5,Criollo,Venezuela
Soma,Black Science Blend 1,607,2010,70%,Canada,3.75,"Trinitario, Nacional","DR, Ecuador, Peru"
Soma,Hispaniola,377,2009,70%,Canada,3,Forastero,Dominican Republic
Soma,Africa,377,2009,70%,Canada,3.5,Forastero,Ghana
Soma,Conacado,387,2009,70%,Canada,3,Trinitario,Dominican Republic
Soma,Papua New Guinea,387,2009,70%,Canada,3.5,Trinitario,Papua New Guinea
Soma,Madagascar,387,2009,70%,Canada,3.75,Criollo,Madagascar
Soma,Ocumare,387,2009,70%,Canada,3.75,Criollo,Venezuela
Somerville,Nicaragua,1367,2014,70%,U.S.A.,3.25, ,Nicaragua
Somerville,"Hawaiian, Big Island",1395,2014,70%,U.S.A.,3.5, ,Hawaii
Soul,Dominican Republic,1932,2017,70%,Canada,3.25, ,Dominican Republic
Soul,Madagascar,1936,2017,70%,Canada,3.5, ,Madagascar
Soul,Venezuela,1936,2017,75%,Canada,3.5, ,Venezuela
Soul,Ecuador,1936,2017,75%,Canada,3.25, ,Ecuador
Soul,Papua New Guinea,1936,2017,77%,Canada,3.25, ,Papua New Guinea
Soul,Tanzania,1940,2017,80%,Canada,3.5, ,Tanzania
Spagnvola,AgroCriso Plantation,793,2012,70%,U.S.A.,3, ,Dominican Republic
Spagnvola,AgroCriso Plantation,793,2012,80%,U.S.A.,3, ,Dominican Republic
Spagnvola,AgroCriso Plantation,793,2012,75%,U.S.A.,3.25, ,Dominican Republic
Spencer,Dominican Republic,1932,2017,70%,U.S.A.,3.75, ,Dominican Republic
Spencer,Ecuador,1932,2017,70%,U.S.A.,3.5, ,Ecuador
Spencer,Peru,1932,2017,70%,U.S.A.,2.75, ,Peru
Spencer,"Dominican Republic, lot D82R",1792,2016,70%,Australia,3.5, ,Domincan Republic
Spencer,"Ecuador, lot E432314L",1792,2016,70%,Australia,3.75, ,Ecuador
Spencer,"Madagascar, lot M0403R",1792,2016,70%,Australia,3.75, ,Madagascar
Spencer,Malekula Island,1434,2014,72%,Australia,2.75,Trinitario,Vanuatu
Sprungli (Felchlin),Alto Beni,1057,2013,70%,Switzerland,3,Criollo,Bolivia
SRSLY,Dominican Republic,1113,2013,70%,U.S.A.,3, ,Dominican Republic
SRSLY,Dominican Republic,1121,2013,84%,U.S.A.,2.25, ,Dominican Republic
Starchild,"Bolivar, Arriba",1634,2015,70%,U.S.A.,3,Forastero (Nacional),Ecuador
Starchild,Hispaniola,1692,2015,70%,U.S.A.,3, ,Domincan Republic
Starchild,Cacao Verapaz,1692,2015,70%,U.S.A.,3, ,Guatemala
Starchild,Rio Tuma,1692,2015,70%,U.S.A.,3,Trinitario (Amelonado),Nicaragua
Starchild,Sambirano Valley,1696,2015,70%,U.S.A.,3,Trinitario,Madagascar
Stella (aka Bernrain),"Bahia, Agri-Forestal Plantation, 2010",859,2012,68%,Switzerland,2.75,Trinitario,Brazil
Stella (aka Bernrain),India,729,2011,72%,Switzerland,3.25, ,India
Stone Grindz,"Ecuador, Midnight Dark",1291,2014,84%,U.S.A.,3.5, ,Ecuador
Stone Grindz,"Ecuador, Twilght Dark",1291,2014,70%,U.S.A.,3.5, ,Ecuador
StRita Supreme,"Samar, East Visayas region",939,2012,65%,U.S.A.,2.5, ,Philippines
StRita Supreme,"Samar, East Visayas region",943,2012,70%,U.S.A.,2.5, ,Philippines
StRita Supreme,"Samar, East Visayas region",943,2012,75%,U.S.A.,2.75, ,Philippines
Sublime Origins,Sambirano,1157,2013,67%,U.S.A.,2.75,Trinitario,Madagascar
Sublime Origins,Moho Valley,1157,2013,78%,U.S.A.,3.25,Trinitario,Belize
Summerbird,Peru,1800,2016,61%,Denmark,2.5,"Criollo, Trinitario",Peru
Summerbird,Peru,1800,2016,71%,Denmark,3,"Criollo, Trinitario",Peru
Suruca Chocolate,Venezuela,1796,2016,70%,Venezuela,2.75, ,Venezuela
Suruca Chocolate,Venezuela,1796,2016,60%,Venezuela,3, ,Venezuela
Svenska Kakaobolaget,Sri Lanka,1618,2015,70%,Sweden,2.75,"Criollo, Trinitario",Sri Lanka
Szanto Tibor,Nacional,1668,2015,70%,Hungary,3.25, ,Ecuador
Szanto Tibor,Baracoa,1704,2015,88%,Hungary,3.25,Trinitario,Cuba
Szanto Tibor,Ambolikapiky,1704,2015,70%,Hungary,3.25,Trinitario,Madagascar
Szanto Tibor,"Winak, Sumaco",1704,2015,70%,Hungary,3.75,Forastero (Nacional),Ecuador
Szanto Tibor,"Ben Tre, Mekong Delta",1708,2015,70%,Hungary,3.25,Trinitario,Vietnam
Szanto Tibor,"Fazenda Sempre Firme, Bahia",1708,2015,70%,Hungary,3.5,Forastero (Parazinho),Brazil
Szanto Tibor,Porcelana,1263,2014,70%,Hungary,3.5,Criollo,Venezuela
Szanto Tibor,Baracoa,1263,2014,70%,Hungary,3.75,Trinitario,Cuba
Szanto Tibor,"Autumn, Primary Harvest, 2012",1185,2013,70%,Hungary,3.5,Criollo,Madagascar
Szanto Tibor,"Spring, Secondary Harvest, 2012",1185,2013,70%,Hungary,3.5,Criollo,Madagascar
Szanto Tibor,Cacao Blanco,1193,2013,70%,Hungary,3.25, ,Nicaragua
Szanto Tibor,Santo Domingo,939,2012,70%,Hungary,3.25, ,Dominican Republic
Szanto Tibor,Millot Plantation,939,2012,70%,Hungary,3.25, ,Madagascar
Szanto Tibor,"Ayacucho, ""El Guinacho""",939,2012,70%,Hungary,3.75, ,Peru
Szanto Tibor,Crudo,761,2011,70%,Hungary,3, ,Venezuela
Tabal,Costa Rica,1101,2013,70%,U.S.A.,2.75, ,Costa Rica
Tabal,Dominican Republic,1101,2013,70%,U.S.A.,2.75, ,Dominican Republic
Tabal,"Chiapas, Lacandon Jungle",1105,2013,70%,U.S.A.,2.5, ,Mexico
Tabal,Peru,1105,2013,70%,U.S.A.,3, ,Peru
Tablette (aka Vanillabeans),Colombia,1450,2015,70%,Japan,3, ,Colombia
Tablette (aka Vanillabeans),Papua,1450,2015,62%,Japan,3.25, ,Papua New Guinea
Tablette (aka Vanillabeans),Vietnam,1450,2015,60%,Japan,3.25,Trinitario,Vietnam
Tablette (aka Vanillabeans),Trinidad,1680,2015,77%,Japan,2.75,Trinitario,Trinidad
Tan Ban Skrati,"Paramaribo, batch 20160043-01",1868,2016,70%,Suriname,3.25,Trinitario,Suriname
Taza,Belize,1271,2014,68%,U.S.A.,3,Trinitario,Belize
Taza,Alto Beni,785,2011,87%,U.S.A.,3.25, ,Bolivia
Taza,Chiapan,451,2009,75%,U.S.A.,2.75, ,Mexico
Taza,"Dark, Stone Ground",180,2007,70%,U.S.A.,3, ,Dominican Republic
TCHO,West Africa,1716,2016,62%,U.S.A.,2,Forastero,West Africa
TCHO,Peru- Ecuador,915,2012,99%,U.S.A.,3.25, ,"Peru, Ecuador"
TCHO,TCHOPro 60.5,387,2009,60%,U.S.A.,2.75, , 
TCHO,TCHOPro 68,387,2009,68%,U.S.A.,3, , 
TCHO,Chocolatey-beta,199,2008,70%,U.S.A.,2.5,Forastero,Ghana
TCHO,Fruity-beta,280,2008,70%,U.S.A.,2.5, ,Peru
TCHO,Citrus-beta,280,2008,70%,U.S.A.,2.75, ,Madagascar
TCHO,Nutty-beta,284,2008,70%,U.S.A.,2.5, ,Peru
Tejas,Concepcion,801,2012,70%,U.S.A.,2.75, ,Madagascar
Tejas,Bayou Blend,801,2012,70%,U.S.A.,3,Blend,"Ecuador, Mad., PNG"
Tejas,Aranama,805,2012,70%,U.S.A.,3, ,Papua New Guinea
Tejas,Presidio,805,2012,70%,U.S.A.,3.5, ,Dominican Republic
Tejas,"La Bahia, w/ cane juice",817,2012,70%,U.S.A.,3.25, ,Ecuador
Tejas,Capistrano,821,2012,70%,U.S.A.,2, ,Peru
Tejas,"La Bahia, w/ cane sugar",825,2012,70%,U.S.A.,3.25, ,Ecuador
Tejas,San Jose,829,2012,70%,U.S.A.,2.75, ,Bolivia
Tejas,Capistrano*,829,2012,70%,U.S.A.,3, ,Madagascar
Tejas,Espada,833,2012,70%,U.S.A.,3.25, ,Mexico
Tejas,Espada,967,2012,70%,U.S.A.,2.75, ,Brazil
Tejas,Concepcion*,971,2012,80%,U.S.A.,3, ,Venezuela
Tejas,San Jose,971,2012,67%,U.S.A.,3.25, ,Bolivia
Tejas,"Bahia, Floresta Azul,Good Friends Reserve#3",971,2012,70%,U.S.A.,3.5,Forastero (Parazinho),Brazil
Terroir,Peru,1478,2015,70%,U.S.A.,2.75, ,Peru
Terroir,Belize,1478,2015,70%,U.S.A.,3.75,Trinitario,Belize
Terroir,Madagascar,1478,2015,70%,U.S.A.,3.75,Trinitario,Madagascar
Terroir,Ecuador,1482,2015,70%,U.S.A.,3.25, ,Ecuador
Terroir,Oko Caribe,1554,2015,70%,U.S.A.,3.5, ,Domincan Republic
Terroir,Guatemala,1558,2015,70%,U.S.A.,3.75,Trinitario,Guatemala
Terroir,Ecuador,1323,2014,77%,U.S.A.,3.25, ,Ecuador
Terroir,Madagascar,1323,2014,67%,U.S.A.,3.75,Trinitario,Madagascar
Terroir,Uganda,1323,2014,73%,U.S.A.,3.75,Forastero,Uganda
The Barn,Peru,1614,2015,70%,Sweden,3, ,Peru
Theo,Congo w/ nibs,903,2012,65%,U.S.A.,3.25,Forastero,Congo
Theo,Madagascar,162,2007,65%,U.S.A.,3.5,Trinitario,Madagascar
Theo,Ivory Coast,184,2007,75%,U.S.A.,2.5, ,Ivory Coast
Theo,"Ghana, Kumasi",184,2007,84%,U.S.A.,3,Forastero,Ghana
Theo,"Venezuela; Barinos, Merida, Tachron",188,2007,91%,U.S.A.,2,Blend,Venezuela
Theo,"Ghana, Panama, Ecuador",188,2007,75%,U.S.A.,3,Blend,"Ghana, Panama, Ecuador"
Theobroma,"Piura Select, Cacao Blanc",1684,2015,70%,Japan,3.25, ,Peru
Timo A. Meyer,"Belize, med roast",1836,2016,72%,Germany,3.75,"Trinitario, TCGA",Belize
To'ak (Ecuatoriana),Manabi,1418,2014,81%,Ecuador,3.25,Forastero (Nacional),Ecuador
Tobago Estate (Pralus),"Roxborough, Tobago",895,2012,70%,France,4,Trinitario,Tobago
Tocoti,"Wild Bolivian, Jungle Love",927,2012,77%,U.S.A.,3,Criollo,Bolivia
Tocoti,Venezuela,789,2011,72%,U.S.A.,2.75, ,Venezuela
Tocoti,Dominican Republic,789,2011,74%,U.S.A.,3, ,Dominican Republic
Treehouse,Conacado,1239,2014,72%,U.S.A.,3, ,Dominican Republic
Tsara (Cinagra),"Ambanja, Tsara Valley",753,2011,72%,Madagascar,3.5, ,Madagascar
twenty-four blackbirds,Oko Caribe,1700,2015,75%,U.S.A.,2.75, ,Domincan Republic
twenty-four blackbirds,"Cedeno, lot 271",1700,2015,75%,U.S.A.,3.5, ,Ecuador
twenty-four blackbirds,Madagascar,1235,2014,75%,U.S.A.,3.5,Trinitario,Madagascar
twenty-four blackbirds,Dominican Republic,1022,2013,68%,U.S.A.,3.25, ,Dominican Republic
twenty-four blackbirds,Palos Blancos,1026,2013,75%,U.S.A.,2.5, ,Bolivia
twenty-four blackbirds,Dominican Republic,753,2011,73%,U.S.A.,2.75, ,Dominican Republic
Two Ravens,Peru,1740,2016,60%,U.S.A.,3,Criollo,Peru
Un Dimanche A Paris,Dominican Republic,709,2011,63%,France,3.75, ,Dominican Republic
Undone,Matagalpa,1438,2014,74%,U.S.A.,2.75, ,Nicaragua
Undone,Nourish,1438,2014,70%,U.S.A.,3, ,Dominican Republic
Upchurch,"Madagascar, Sassy Bar",1752,2016,72%,U.S.A.,3,Trinitario,Madagascar
Upchurch,"Tanzania, Party Bar",1752,2016,72%,U.S.A.,3.25, ,Tanzania
Urzi,"Sur del Lago, Merida",1327,2014,65%,Italy,3.25,Trinitario,Venezuela
Valrhona,"Piura, Illanka, Quemazon",1510,2015,63%,France,4, ,Peru
Valrhona,"Andoa, Grand Cru blend",1145,2013,70%,France,3.5, , 
Valrhona,"Loma Sotavento, 2013",1153,2013,64%,France,3.5, ,Dominican Republic
Valrhona,"Otucan, Grand Cru",931,2012,69%,France,4, ,Venezuela
Valrhona,Caraque,709,2011,56%,France,3.25, , 
Valrhona,"Porcelana, Pedegral",757,2011,64%,France,4,Criollo,Venezuela
Valrhona,Tainori,327,2009,64%,France,3.75, ,Dominican Republic
Valrhona,Alpaco,370,2009,66%,France,3.75, ,Ecuador
Valrhona,Nyangbo,395,2009,68%,France,3.5,Forastero,Ghana
Valrhona,Araguani,117,2007,72%,France,3,Blend,"Venezuela, Carribean"
Valrhona,Chuao 2002 P.,129,2007,65%,France,3.75,Trinitario,Venezuela
Valrhona,Manjari,129,2007,64%,France,4,"Criollo, Trinitario",Madagascar
Valrhona,Le Noir Extra Amer,147,2007,85%,France,1.5, , 
Valrhona,Abinao,153,2007,85%,France,2.5,Forastero,West Africa
Valrhona,Le Noir Amer,157,2007,71%,France,2.75,Forastero,West Africa
Valrhona,"Porcelana, Maracaibo, Palmira P. 2006",162,2007,64%,France,3.25,Criollo (Porcelana),Venezuela
Valrhona,Caraibe,63,2006,66%,France,3,Trinitario,Carribean
Valrhona,Guanaja,63,2006,70%,France,4,"Criollo, Trinitario",South America
Valrhona,Gran Couva 2005 P.,75,2006,64%,France,2.5,Trinitario,Trinidad
Valrhona,"Porcelana, Maracaibo, Palmira P. 2005",75,2006,64%,France,3,Criollo (Porcelana),Venezuela
Valrhona,"Sambirano, Ampamakia 2005, Millot P.",75,2006,64%,France,3.5,Trinitario,Madagascar
Vanleer (Barry Callebaut),Manhattan,963,2012,72%,U.S.A.,2.5,Forastero,Ghana
Vanleer (Barry Callebaut),Napa,963,2012,65%,U.S.A.,2.75,Forastero,Ghana
Vao Vao (Chocolaterie Robert),Madagascar,404,2009,72%,Madagascar,2.75,Trinitario,Madagascar
Vao Vao (Chocolaterie Robert),Madagascar,404,2009,76%,Madagascar,2.75,Trinitario,Madagascar
Vao Vao (Chocolaterie Robert),Madagascar,404,2009,80%,Madagascar,2.75,Trinitario,Madagascar
Vao Vao (Chocolaterie Robert),Madagascar,404,2009,70%,Madagascar,3,Trinitario,Madagascar
Vao Vao (Chocolaterie Robert),Madagascar w/ nibs,404,2009,68%,Madagascar,3,Trinitario,Madagascar
Vao Vao (Chocolaterie Robert),Madagascar,404,2009,64%,Madagascar,3.25,Trinitario,Madagascar
Vicuna,Palos Blancos,1470,2015,70%,U.S.A.,3.25, ,Bolivia
Vicuna,Palos Blancos + nibs,1470,2015,70%,U.S.A.,3.25, ,Bolivia
Videri,Dominican Republic,1211,2014,90%,U.S.A.,3.25, ,Dominican Republic
Videri,Trinidad,1211,2014,75%,U.S.A.,3.5,Trinitario,Trinidad
Videri,Mindo,1227,2014,75%,U.S.A.,3.5, ,Ecuador
Videri,Dark,1117,2013,90%,U.S.A.,3.75, ,Central and S. America
Videri,Classic,991,2012,70%,U.S.A.,3.25, ,Central and S. America
Vietcacao (A. Morin),"Ben Tre, Mekong Delta, MoCay",951,2012,70%,France,3.5,Trinitario,Vietnam
Vintage Plantations,San Martin,1205,2014,75%,U.S.A.,3, ,Peru
Vintage Plantations (Tulicorp),"Los Rios, Rancho Grande 2004/2007",153,2007,100%,U.S.A.,2,Forastero (Arriba),Ecuador
Vintage Plantations (Tulicorp),"Los Rios, Rancho Grande 2004/2007",153,2007,90%,U.S.A.,2,Forastero (Arriba),Ecuador
Vintage Plantations (Tulicorp),"Los Rios, Rancho Grande 2004/2007",153,2007,75%,U.S.A.,3,Forastero (Arriba),Ecuador
Vintage Plantations (Tulicorp),"Los Rios, Rancho Grande 2007",153,2007,65%,U.S.A.,3,Forastero (Arriba),Ecuador
Violet Sky,Sambirano Valley,1458,2015,77%,U.S.A.,2.75,Trinitario,Madagascar
Violet Sky,Moho River Valley,1458,2015,77%,U.S.A.,3,"Criollo, Trinitario",Belize
Violet Sky,Cuyagua,1458,2015,77%,U.S.A.,3,Criollo,Venezuela
Violet Sky,Peru,1458,2015,77%,U.S.A.,3.25,"Criollo, Trinitario",Peru
Violet Sky,Cahabon,1502,2015,77%,U.S.A.,2.75,Trinitario,Guatemala
Vivra,Peru,1720,2016,70%,U.S.A.,2.5, ,Peru
Vivra,Ocumare,1720,2016,70%,U.S.A.,2.5, ,Venezuela
Vivra,Dominican Republic,1724,2016,70%,U.S.A.,3, ,Domincan Republic
Wellington Chocolate Factory,Conacado,1756,2016,70%,New Zealand,3.5,Trinitario,Dominican Republic
Wellington Chocolate Factory,"Piura Blanco, Norandino",1756,2016,70%,New Zealand,3.5, ,Peru
Whittakers,Ghana,733,2011,72%,New Zealand,2.5,Forastero,Ghana
Wilkie's Organic,Amazonas,1169,2013,75%,Ireland,2.5,Criollo,Peru
Wilkie's Organic,Amazonas,1169,2013,89%,Ireland,2.75,Criollo,Peru
Wilkie's Organic,Tumbes,1169,2013,75%,Ireland,3.25,Criollo,Peru
Wilkie's Organic,Amazonas w/ nibs,1173,2013,75%,Ireland,2.75,Criollo,Peru
Willie's Cacao,Los Llanos,1848,2016,70%,U.K.,4, ,Colombia
Willie's Cacao,Los Llanos,1227,2014,88%,U.K.,3,Trinitario,Colombia
Willie's Cacao,"Java, Indonesian Black",1109,2013,100%,U.K.,2.25, ,Indonesia
Willie's Cacao,Sambirano,593,2010,71%,U.K.,3,Trinitario,Madagascar
Willie's Cacao,Hacienda Las Trincheras,593,2010,72%,U.K.,3.5, ,Venezuela
Willie's Cacao,Java,593,2010,69%,U.K.,3.75, ,Indonesia
Willie's Cacao,San Martin,457,2009,70%,U.K.,3, ,Peru
Willie's Cacao,Rio Caribe,457,2009,72%,U.K.,3.25,Trinitario,Venezuela
Wm,"Guasare, Zulia Prov., 2015, batch 124",1912,2016,74%,U.S.A.,3,Criollo,Venezuela
Wm,"Wild Beniano, 2016, batch 128, Heirloom",1912,2016,76%,U.S.A.,3.5, ,Bolivia
Wm,"Ghana, 2013, batch 129",1916,2016,75%,U.S.A.,3.75, ,Ghana
Woodblock,"Maranon, Cajamarca",1243,2014,70%,U.S.A.,3,Forastero (Nacional),Peru
Woodblock,"Camino Verde P., Balao, Guayas",1042,2013,70%,U.S.A.,3.25, ,Ecuador
Woodblock,Gran Couva,1042,2013,70%,U.S.A.,3.5,Trinitario,Trinidad
Woodblock,Ecuador,825,2012,70%,U.S.A.,2.5, ,Ecuador
Woodblock,Costa Rica,825,2012,70%,U.S.A.,3, ,Costa Rica
Woodblock,Sambirano,951,2012,70%,U.S.A.,3.25,Trinitario,Madagascar
Woodblock,Ocumare,741,2011,70%,U.S.A.,4, ,Venezuela
Woodblock,La Red,769,2011,70%,U.S.A.,3.5, ,Dominican Republic
Xocolat,Hispaniola,1057,2013,66%,Domincan Republic,3, ,Dominican Republic
Xocolla,"Sambirano, batch 170102",1948,2017,70%,U.S.A.,2.75, ,Madagascar
Xocolla,"Hispaniola, batch 170104",1948,2017,70%,U.S.A.,2.5, ,Dominican Republic
Zak's,"Papua New Guinea, Batch 2",1574,2015,70%,U.S.A.,3, ,Papua New Guinea
Zak's,"Dominican Republic, Batch D2",1578,2015,70%,U.S.A.,3.25, ,Domincan Republic
Zak's,"Madagascar, Batch 2",1578,2015,70%,U.S.A.,3.25,Trinitario,Madagascar
Zak's,"Peru, Batch 1",1578,2015,70%,U.S.A.,3.25, ,Peru
Zak's,"Belize, Batch 2",1578,2015,70%,U.S.A.,3.5,Trinitario,Belize
Zak's,"House Blend, Batch 2",1582,2015,60%,U.S.A.,3, , 
Zart Pralinen,"Millot P., Ambanja",1820,2016,70%,Austria,3.5,"Criollo, Trinitario",Madagascar
Zart Pralinen,UNOCACE,1824,2016,70%,Austria,2.75,Nacional (Arriba),Ecuador
Zart Pralinen,San Juan Estate,1824,2016,85%,Austria,2.75,Trinitario,Trinidad
Zart Pralinen,"Kakao Kamili, Kilombero Valley",1824,2016,85%,Austria,3,"Criollo, Trinitario",Tanzania
Zart Pralinen,"Kakao Kamili, Kilombero Valley",1824,2016,70%,Austria,3.5,"Criollo, Trinitario",Tanzania
Zart Pralinen,"San Juan Estate, Gran Couva",1880,2016,78%,Austria,3.5,Trinitario,Trinidad
Zokoko,Guadalcanal,1716,2016,78%,Australia,3.75, ,Solomon Islands
Zokoko,Goddess Blend,1780,2016,65%,Australia,3.25, , 
Zokoko,Alto Beni,697,2011,68%,Australia,3.5, ,Bolivia
Zokoko,Tokiala,701,2011,66%,Australia,3.5,Trinitario,Papua New Guinea
Zokoko,"Tranquilidad, Baures",701,2011,72%,Australia,3.75, ,Bolivia
Zotter,Raw,1205,2014,80%,Austria,2.75, , 
Zotter,"Bocas del Toro, Cocabo Co-op",801,2012,72%,Austria,3.5, ,Panama
Zotter,Amazonas Frucht,801,2012,65%,Austria,3.5, , 
Zotter,"Satipo Pangoa region, 16hr conche",875,2012,70%,Austria,3,Criollo (Amarru),Peru
Zotter,"Satipo Pangoa region, 20hr conche",875,2012,70%,Austria,3.5,Criollo (Amarru),Peru
Zotter,"Loma Los Pinos, Yacao region, D.R.",875,2012,62%,Austria,3.75, ,Dominican Republic
Zotter,El Oro,879,2012,75%,Austria,3,Forastero (Nacional),Ecuador
Zotter,Huiwani Coop,879,2012,75%,Austria,3,"Criollo, Trinitario",Papua New Guinea
Zotter,El Ceibo Coop,879,2012,90%,Austria,3.25, ,Bolivia
Zotter,Santo Domingo,879,2012,70%,Austria,3.75, ,Dominican Republic
Zotter,"Kongo, Highlands",883,2012,68%,Austria,3.25,Forastero,Congo
Zotter,"Indianer, Raw",883,2012,58%,Austria,3.5, , 
Zotter,Peru,647,2011,70%,Austria,3.75, ,Peru
Zotter,Congo,749,2011,65%,Austria,3,Forastero,Congo
Zotter,Kerala State,749,2011,65%,Austria,3.5,Forastero,India
Zotter,Kerala State,781,2011,62%,Austria,3.25, ,India
Zotter,"Brazil, Mitzi Blue",486,2010,65%,Austria,3, ,Brazil
